TN,FN,TP,FP,TNR,FNR,TPR,FPR
13,6,3,1,0.9285714285714286,0.6666666666666666,0.3333333333333333,0.07142857142857142
