TN,FN,TP,FP,TNR,FNR,TPR,FPR
13,4,5,1,0.9285714285714286,0.4444444444444444,0.5555555555555556,0.07142857142857142
