TN,FN,TP,FP,TNR,FNR,TPR,FPR
56,16,30,13,0.8115942028985508,0.34782608695652173,0.6521739130434783,0.18840579710144928
