TN,FN,TP,FP,TNR,FNR,TPR,FPR
296,182,49,48,0.8604651162790697,0.7878787878787878,0.21212121212121213,0.13953488372093023
