TN,FN,TP,FP,TNR,FNR,TPR,FPR
67,43,3,2,0.9710144927536232,0.9347826086956522,0.06521739130434782,0.028985507246376812
