TN,FN,TP,FP,TNR,FNR,TPR,FPR
12,5,4,2,0.8571428571428571,0.5555555555555556,0.4444444444444444,0.14285714285714285
