TN,FN,TP,FP,TNR,FNR,TPR,FPR
14,3,6,0,1.0,0.3333333333333333,0.6666666666666666,0.0
