TN,FN,TP,FP,TNR,FNR,TPR,FPR
55,13,33,14,0.7971014492753623,0.2826086956521739,0.717391304347826,0.2028985507246377
