TN,FN,TP,FP,TNR,FNR,TPR,FPR
9,4,5,5,0.6428571428571429,0.4444444444444444,0.5555555555555556,0.35714285714285715
