TN,FN,TP,FP,TNR,FNR,TPR,FPR
64,41,5,5,0.927536231884058,0.8913043478260869,0.10869565217391304,0.07246376811594203
