TN,FN,TP,FP,TNR,FNR,TPR,FPR
9,6,3,5,0.6428571428571429,0.6666666666666666,0.3333333333333333,0.35714285714285715
