TN,FN,TP,FP,TNR,FNR,TPR,FPR
11,5,4,3,0.7857142857142857,0.5555555555555556,0.4444444444444444,0.21428571428571427
