TN,FN,TP,FP,TNR,FNR,TPR,FPR
67,44,2,2,0.9710144927536232,0.9565217391304348,0.043478260869565216,0.028985507246376812
