TN,FN,TP,FP,TNR,FNR,TPR,FPR
64,42,4,5,0.927536231884058,0.9130434782608695,0.08695652173913043,0.07246376811594203
