TN,FN,TP,FP,TNR,FNR,TPR,FPR
57,13,33,12,0.8260869565217391,0.2826086956521739,0.717391304347826,0.17391304347826086
