TN,FN,TP,FP,TNR,FNR,TPR,FPR
62,16,30,7,0.8985507246376812,0.34782608695652173,0.6521739130434783,0.10144927536231885
