TN,FN,TP,FP,TNR,FNR,TPR,FPR
57,19,27,12,0.8260869565217391,0.41304347826086957,0.5869565217391305,0.17391304347826086
