TN,FN,TP,FP,TNR,FNR,TPR,FPR
297,193,38,47,0.8633720930232558,0.8354978354978355,0.1645021645021645,0.13662790697674418
