TN,FN,TP,FP,TNR,FNR,TPR,FPR
252,67,164,92,0.7325581395348837,0.29004329004329005,0.70995670995671,0.26744186046511625
