TN,FN,TP,FP,TNR,FNR,TPR,FPR
63,44,2,6,0.9130434782608695,0.9565217391304348,0.043478260869565216,0.08695652173913043
