TN,FN,TP,FP,TNR,FNR,TPR,FPR
276,197,34,68,0.8023255813953488,0.8528138528138528,0.1471861471861472,0.19767441860465115
