TN,FN,TP,FP,TNR,FNR,TPR,FPR
14,6,3,0,1.0,0.6666666666666666,0.3333333333333333,0.0
