TN,FN,TP,FP,TNR,FNR,TPR,FPR
63,36,10,6,0.9130434782608695,0.782608695652174,0.21739130434782608,0.08695652173913043
