TN,FN,TP,FP,TNR,FNR,TPR,FPR
56,13,33,13,0.8115942028985508,0.2826086956521739,0.717391304347826,0.18840579710144928
