TN,FN,TP,FP,TNR,FNR,TPR,FPR
63,42,4,6,0.9130434782608695,0.9130434782608695,0.08695652173913043,0.08695652173913043
