TN,FN,TP,FP,TNR,FNR,TPR,FPR
68,41,5,1,0.9855072463768116,0.8913043478260869,0.10869565217391304,0.014492753623188406
