TN,FN,TP,FP,TNR,FNR,TPR,FPR
60,11,35,9,0.8695652173913043,0.2391304347826087,0.7608695652173914,0.13043478260869565
