TN,FN,TP,FP,TNR,FNR,TPR,FPR
62,14,32,7,0.8985507246376812,0.30434782608695654,0.6956521739130435,0.10144927536231885
