TN,FN,TP,FP,TNR,FNR,TPR,FPR
65,37,9,4,0.9420289855072463,0.8043478260869565,0.1956521739130435,0.057971014492753624
