TN,FN,TP,FP,TNR,FNR,TPR,FPR
63,16,30,6,0.9130434782608695,0.34782608695652173,0.6521739130434783,0.08695652173913043
