TN,FN,TP,FP,TNR,FNR,TPR,FPR
64,39,7,5,0.927536231884058,0.8478260869565217,0.15217391304347827,0.07246376811594203
