TN,FN,TP,FP,TNR,FNR,TPR,FPR
65,14,32,4,0.9420289855072463,0.30434782608695654,0.6956521739130435,0.057971014492753624
