TN,FN,TP,FP,TNR,FNR,TPR,FPR
64,12,34,5,0.927536231884058,0.2608695652173913,0.7391304347826086,0.07246376811594203
