TN,FN,TP,FP,TNR,FNR,TPR,FPR
63,40,6,6,0.9130434782608695,0.8695652173913043,0.13043478260869565,0.08695652173913043
