TN,FN,TP,FP,TNR,FNR,TPR,FPR
58,15,31,11,0.8405797101449275,0.32608695652173914,0.6739130434782609,0.15942028985507245
