TN,FN,TP,FP,TNR,FNR,TPR,FPR
14,5,4,0,1.0,0.5555555555555556,0.4444444444444444,0.0
