TN,FN,TP,FP,TNR,FNR,TPR,FPR
253,91,140,91,0.7354651162790697,0.3939393939393939,0.6060606060606061,0.26453488372093026
