TN,FN,TP,FP,TNR,FNR,TPR,FPR
63,20,26,6,0.9130434782608695,0.43478260869565216,0.5652173913043478,0.08695652173913043
