TN,FN,TP,FP,TNR,FNR,TPR,FPR
286,201,30,58,0.8313953488372093,0.8701298701298701,0.12987012987012986,0.1686046511627907
