TN,FN,TP,FP,TNR,FNR,TPR,FPR
53,33,13,16,0.7681159420289855,0.717391304347826,0.2826086956521739,0.2318840579710145
