TN,FN,TP,FP,TNR,FNR,TPR,FPR
62,21,25,7,0.8985507246376812,0.45652173913043476,0.5434782608695652,0.10144927536231885
