TN,FN,TP,FP,TNR,FNR,TPR,FPR
62,43,3,7,0.8985507246376812,0.9347826086956522,0.06521739130434782,0.10144927536231885
