TN,FN,TP,FP,TNR,FNR,TPR,FPR
12,7,2,2,0.8571428571428571,0.7777777777777778,0.2222222222222222,0.14285714285714285
