TN,FN,TP,FP,TNR,FNR,TPR,FPR
44,18,28,25,0.6376811594202898,0.391304347826087,0.6086956521739131,0.36231884057971014
