TN,FN,TP,FP,TNR,FNR,TPR,FPR
59,14,32,10,0.855072463768116,0.30434782608695654,0.6956521739130435,0.14492753623188406
