TN,FN,TP,FP,TNR,FNR,TPR,FPR
68,39,7,1,0.9855072463768116,0.8478260869565217,0.15217391304347827,0.014492753623188406
