TN,FN,TP,FP,TNR,FNR,TPR,FPR
62,39,7,7,0.8985507246376812,0.8478260869565217,0.15217391304347827,0.10144927536231885
