TN,FN,TP,FP,TNR,FNR,TPR,FPR
59,11,35,10,0.855072463768116,0.2391304347826087,0.7608695652173914,0.14492753623188406
