TN,FN,TP,FP,TNR,FNR,TPR,FPR
263,114,117,81,0.7645348837209303,0.4935064935064935,0.5064935064935064,0.23546511627906977
