TN,FN,TP,FP,TNR,FNR,TPR,FPR
14,8,1,0,1.0,0.8888888888888888,0.1111111111111111,0.0
