TN,FN,TP,FP,TNR,FNR,TPR,FPR
13,5,4,1,0.9285714285714286,0.5555555555555556,0.4444444444444444,0.07142857142857142
