TN,FN,TP,FP,TNR,FNR,TPR,FPR
14,7,2,0,1.0,0.7777777777777778,0.2222222222222222,0.0
