TN,FN,TP,FP,TNR,FNR,TPR,FPR
57,16,30,12,0.8260869565217391,0.34782608695652173,0.6521739130434783,0.17391304347826086
