TN,FN,TP,FP,TNR,FNR,TPR,FPR
63,41,5,6,0.9130434782608695,0.8913043478260869,0.10869565217391304,0.08695652173913043
