TN,FN,TP,FP,TNR,FNR,TPR,FPR
13,8,1,1,0.9285714285714286,0.8888888888888888,0.1111111111111111,0.07142857142857142
