TN,FN,TP,FP,TNR,FNR,TPR,FPR
42,23,23,27,0.6086956521739131,0.5,0.5,0.391304347826087
