TN,FN,TP,FP,TNR,FNR,TPR,FPR
275,93,138,69,0.7994186046511628,0.4025974025974026,0.5974025974025974,0.2005813953488372
