TN,FN,TP,FP,TNR,FNR,TPR,FPR
11,8,1,3,0.7857142857142857,0.8888888888888888,0.1111111111111111,0.21428571428571427
