TN,FN,TP,FP,TNR,FNR,TPR,FPR
55,20,26,14,0.7971014492753623,0.43478260869565216,0.5652173913043478,0.2028985507246377
